audio_file,transcript_file
./data/audio/aligned_audio_1.wav,./data/transcript/aligned_audio_1.txt
./data/audio/aligned_audio_2.wav,./data/transcript/aligned_audio_2.txt
./data/audio/aligned_audio_3.wav,./data/transcript/aligned_audio_3.txt
./data/audio/aligned_audio_4.wav,./data/transcript/aligned_audio_4.txt
./data/audio/aligned_audio_5.wav,./data/transcript/aligned_audio_5.txt
./data/audio/aligned_audio_6.wav,./data/transcript/aligned_audio_6.txt
./data/audio/aligned_audio_7.wav,./data/transcript/aligned_audio_7.txt
./data/audio/aligned_audio_8.wav,./data/transcript/aligned_audio_8.txt
./data/audio/aligned_audio_10.wav,./data/transcript/aligned_audio_10.txt
./data/audio/aligned_audio_11.wav,./data/transcript/aligned_audio_11.txt
./data/audio/aligned_audio_12.wav,./data/transcript/aligned_audio_12.txt
./data/audio/aligned_audio_14.wav,./data/transcript/aligned_audio_14.txt
./data/audio/aligned_audio_15.wav,./data/transcript/aligned_audio_15.txt
./data/audio/aligned_audio_17.wav,./data/transcript/aligned_audio_17.txt
./data/audio/aligned_audio_18.wav,./data/transcript/aligned_audio_18.txt
./data/audio/aligned_audio_20.wav,./data/transcript/aligned_audio_20.txt
./data/audio/aligned_audio_22.wav,./data/transcript/aligned_audio_22.txt
./data/audio/aligned_audio_23.wav,./data/transcript/aligned_audio_23.txt
./data/audio/aligned_audio_25.wav,./data/transcript/aligned_audio_25.txt
./data/audio/aligned_audio_26.wav,./data/transcript/aligned_audio_26.txt
./data/audio/aligned_audio_28.wav,./data/transcript/aligned_audio_28.txt
./data/audio/aligned_audio_29.wav,./data/transcript/aligned_audio_29.txt
./data/audio/aligned_audio_30.wav,./data/transcript/aligned_audio_30.txt
./data/audio/aligned_audio_31.wav,./data/transcript/aligned_audio_31.txt
./data/audio/aligned_audio_32.wav,./data/transcript/aligned_audio_32.txt
./data/audio/aligned_audio_33.wav,./data/transcript/aligned_audio_33.txt
./data/audio/aligned_audio_34.wav,./data/transcript/aligned_audio_34.txt
./data/audio/aligned_audio_35.wav,./data/transcript/aligned_audio_35.txt
./data/audio/aligned_audio_36.wav,./data/transcript/aligned_audio_36.txt
./data/audio/aligned_audio_37.wav,./data/transcript/aligned_audio_37.txt
./data/audio/aligned_audio_39.wav,./data/transcript/aligned_audio_39.txt
./data/audio/aligned_audio_40.wav,./data/transcript/aligned_audio_40.txt
./data/audio/aligned_audio_42.wav,./data/transcript/aligned_audio_42.txt
./data/audio/aligned_audio_43.wav,./data/transcript/aligned_audio_43.txt
./data/audio/aligned_audio_45.wav,./data/transcript/aligned_audio_45.txt
./data/audio/aligned_audio_46.wav,./data/transcript/aligned_audio_46.txt
./data/audio/aligned_audio_49.wav,./data/transcript/aligned_audio_49.txt
./data/audio/aligned_audio_50.wav,./data/transcript/aligned_audio_50.txt
./data/audio/aligned_audio_51.wav,./data/transcript/aligned_audio_51.txt
./data/audio/aligned_audio_52.wav,./data/transcript/aligned_audio_52.txt
./data/audio/aligned_audio_53.wav,./data/transcript/aligned_audio_53.txt
./data/audio/aligned_audio_54.wav,./data/transcript/aligned_audio_54.txt
./data/audio/aligned_audio_55.wav,./data/transcript/aligned_audio_55.txt
./data/audio/aligned_audio_56.wav,./data/transcript/aligned_audio_56.txt
./data/audio/aligned_audio_57.wav,./data/transcript/aligned_audio_57.txt
./data/audio/aligned_audio_58.wav,./data/transcript/aligned_audio_58.txt
./data/audio/aligned_audio_59.wav,./data/transcript/aligned_audio_59.txt
./data/audio/aligned_audio_60.wav,./data/transcript/aligned_audio_60.txt
./data/audio/aligned_audio_61.wav,./data/transcript/aligned_audio_61.txt
./data/audio/aligned_audio_62.wav,./data/transcript/aligned_audio_62.txt
./data/audio/aligned_audio_63.wav,./data/transcript/aligned_audio_63.txt
./data/audio/aligned_audio_64.wav,./data/transcript/aligned_audio_64.txt
./data/audio/aligned_audio_65.wav,./data/transcript/aligned_audio_65.txt
./data/audio/aligned_audio_66.wav,./data/transcript/aligned_audio_66.txt
./data/audio/aligned_audio_67.wav,./data/transcript/aligned_audio_67.txt
./data/audio/aligned_audio_68.wav,./data/transcript/aligned_audio_68.txt
./data/audio/aligned_audio_69.wav,./data/transcript/aligned_audio_69.txt
./data/audio/aligned_audio_70.wav,./data/transcript/aligned_audio_70.txt
./data/audio/aligned_audio_71.wav,./data/transcript/aligned_audio_71.txt
./data/audio/aligned_audio_72.wav,./data/transcript/aligned_audio_72.txt
./data/audio/aligned_audio_73.wav,./data/transcript/aligned_audio_73.txt
./data/audio/aligned_audio_74.wav,./data/transcript/aligned_audio_74.txt
./data/audio/aligned_audio_75.wav,./data/transcript/aligned_audio_75.txt
./data/audio/aligned_audio_76.wav,./data/transcript/aligned_audio_76.txt
./data/audio/aligned_audio_77.wav,./data/transcript/aligned_audio_77.txt
./data/audio/aligned_audio_78.wav,./data/transcript/aligned_audio_78.txt
./data/audio/aligned_audio_79.wav,./data/transcript/aligned_audio_79.txt
./data/audio/aligned_audio_80.wav,./data/transcript/aligned_audio_80.txt
./data/audio/aligned_audio_81.wav,./data/transcript/aligned_audio_81.txt
./data/audio/aligned_audio_82.wav,./data/transcript/aligned_audio_82.txt
./data/audio/aligned_audio_83.wav,./data/transcript/aligned_audio_83.txt
./data/audio/aligned_audio_84.wav,./data/transcript/aligned_audio_84.txt
./data/audio/aligned_audio_86.wav,./data/transcript/aligned_audio_86.txt
./data/audio/aligned_audio_87.wav,./data/transcript/aligned_audio_87.txt
./data/audio/aligned_audio_88.wav,./data/transcript/aligned_audio_88.txt
./data/audio/aligned_audio_89.wav,./data/transcript/aligned_audio_89.txt
./data/audio/aligned_audio_90.wav,./data/transcript/aligned_audio_90.txt
./data/audio/aligned_audio_91.wav,./data/transcript/aligned_audio_91.txt
./data/audio/aligned_audio_92.wav,./data/transcript/aligned_audio_92.txt
./data/audio/aligned_audio_93.wav,./data/transcript/aligned_audio_93.txt
./data/audio/aligned_audio_94.wav,./data/transcript/aligned_audio_94.txt
./data/audio/aligned_audio_95.wav,./data/transcript/aligned_audio_95.txt
./data/audio/aligned_audio_96.wav,./data/transcript/aligned_audio_96.txt
./data/audio/aligned_audio_97.wav,./data/transcript/aligned_audio_97.txt
./data/audio/aligned_audio_98.wav,./data/transcript/aligned_audio_98.txt
./data/audio/aligned_audio_99.wav,./data/transcript/aligned_audio_99.txt
./data/audio/aligned_audio_100.wav,./data/transcript/aligned_audio_100.txt
./data/audio/aligned_audio_101.wav,./data/transcript/aligned_audio_101.txt
./data/audio/aligned_audio_102.wav,./data/transcript/aligned_audio_102.txt
./data/audio/aligned_audio_103.wav,./data/transcript/aligned_audio_103.txt
./data/audio/aligned_audio_104.wav,./data/transcript/aligned_audio_104.txt
./data/audio/aligned_audio_105.wav,./data/transcript/aligned_audio_105.txt
./data/audio/aligned_audio_106.wav,./data/transcript/aligned_audio_106.txt
./data/audio/aligned_audio_107.wav,./data/transcript/aligned_audio_107.txt
./data/audio/aligned_audio_109.wav,./data/transcript/aligned_audio_109.txt
./data/audio/aligned_audio_110.wav,./data/transcript/aligned_audio_110.txt
./data/audio/aligned_audio_111.wav,./data/transcript/aligned_audio_111.txt
./data/audio/aligned_audio_112.wav,./data/transcript/aligned_audio_112.txt
./data/audio/aligned_audio_113.wav,./data/transcript/aligned_audio_113.txt
./data/audio/aligned_audio_114.wav,./data/transcript/aligned_audio_114.txt
./data/audio/aligned_audio_115.wav,./data/transcript/aligned_audio_115.txt
./data/audio/aligned_audio_116.wav,./data/transcript/aligned_audio_116.txt
./data/audio/aligned_audio_117.wav,./data/transcript/aligned_audio_117.txt
./data/audio/aligned_audio_118.wav,./data/transcript/aligned_audio_118.txt
./data/audio/aligned_audio_119.wav,./data/transcript/aligned_audio_119.txt
./data/audio/aligned_audio_120.wav,./data/transcript/aligned_audio_120.txt
./data/audio/aligned_audio_121.wav,./data/transcript/aligned_audio_121.txt
./data/audio/aligned_audio_123.wav,./data/transcript/aligned_audio_123.txt
./data/audio/aligned_audio_124.wav,./data/transcript/aligned_audio_124.txt
./data/audio/aligned_audio_125.wav,./data/transcript/aligned_audio_125.txt
./data/audio/aligned_audio_127.wav,./data/transcript/aligned_audio_127.txt
./data/audio/aligned_audio_128.wav,./data/transcript/aligned_audio_128.txt
./data/audio/aligned_audio_129.wav,./data/transcript/aligned_audio_129.txt
./data/audio/aligned_audio_130.wav,./data/transcript/aligned_audio_130.txt
./data/audio/aligned_audio_131.wav,./data/transcript/aligned_audio_131.txt
./data/audio/aligned_audio_132.wav,./data/transcript/aligned_audio_132.txt
./data/audio/aligned_audio_133.wav,./data/transcript/aligned_audio_133.txt
./data/audio/aligned_audio_134.wav,./data/transcript/aligned_audio_134.txt
./data/audio/aligned_audio_135.wav,./data/transcript/aligned_audio_135.txt
./data/audio/aligned_audio_136.wav,./data/transcript/aligned_audio_136.txt
./data/audio/aligned_audio_137.wav,./data/transcript/aligned_audio_137.txt
./data/audio/aligned_audio_138.wav,./data/transcript/aligned_audio_138.txt
./data/audio/aligned_audio_139.wav,./data/transcript/aligned_audio_139.txt
./data/audio/aligned_audio_140.wav,./data/transcript/aligned_audio_140.txt
./data/audio/aligned_audio_141.wav,./data/transcript/aligned_audio_141.txt
./data/audio/aligned_audio_142.wav,./data/transcript/aligned_audio_142.txt
./data/audio/aligned_audio_143.wav,./data/transcript/aligned_audio_143.txt
./data/audio/aligned_audio_144.wav,./data/transcript/aligned_audio_144.txt
./data/audio/aligned_audio_145.wav,./data/transcript/aligned_audio_145.txt
./data/audio/aligned_audio_146.wav,./data/transcript/aligned_audio_146.txt
./data/audio/aligned_audio_147.wav,./data/transcript/aligned_audio_147.txt
./data/audio/aligned_audio_148.wav,./data/transcript/aligned_audio_148.txt
./data/audio/aligned_audio_149.wav,./data/transcript/aligned_audio_149.txt
./data/audio/aligned_audio_150.wav,./data/transcript/aligned_audio_150.txt
./data/audio/aligned_audio_151.wav,./data/transcript/aligned_audio_151.txt
./data/audio/aligned_audio_152.wav,./data/transcript/aligned_audio_152.txt
./data/audio/aligned_audio_153.wav,./data/transcript/aligned_audio_153.txt
./data/audio/aligned_audio_154.wav,./data/transcript/aligned_audio_154.txt
./data/audio/aligned_audio_155.wav,./data/transcript/aligned_audio_155.txt
./data/audio/aligned_audio_156.wav,./data/transcript/aligned_audio_156.txt
./data/audio/aligned_audio_157.wav,./data/transcript/aligned_audio_157.txt
./data/audio/aligned_audio_158.wav,./data/transcript/aligned_audio_158.txt
./data/audio/aligned_audio_159.wav,./data/transcript/aligned_audio_159.txt
./data/audio/aligned_audio_160.wav,./data/transcript/aligned_audio_160.txt
./data/audio/aligned_audio_161.wav,./data/transcript/aligned_audio_161.txt
./data/audio/aligned_audio_162.wav,./data/transcript/aligned_audio_162.txt
./data/audio/aligned_audio_163.wav,./data/transcript/aligned_audio_163.txt
./data/audio/aligned_audio_164.wav,./data/transcript/aligned_audio_164.txt
./data/audio/aligned_audio_165.wav,./data/transcript/aligned_audio_165.txt
./data/audio/aligned_audio_166.wav,./data/transcript/aligned_audio_166.txt
./data/audio/aligned_audio_167.wav,./data/transcript/aligned_audio_167.txt
./data/audio/aligned_audio_168.wav,./data/transcript/aligned_audio_168.txt
./data/audio/aligned_audio_169.wav,./data/transcript/aligned_audio_169.txt
./data/audio/aligned_audio_170.wav,./data/transcript/aligned_audio_170.txt
./data/audio/aligned_audio_173.wav,./data/transcript/aligned_audio_173.txt
./data/audio/aligned_audio_177.wav,./data/transcript/aligned_audio_177.txt
./data/audio/aligned_audio_182.wav,./data/transcript/aligned_audio_182.txt
./data/audio/aligned_audio_183.wav,./data/transcript/aligned_audio_183.txt
./data/audio/aligned_audio_184.wav,./data/transcript/aligned_audio_184.txt
./data/audio/aligned_audio_196.wav,./data/transcript/aligned_audio_196.txt
./data/audio/aligned_audio_199.wav,./data/transcript/aligned_audio_199.txt
./data/audio/aligned_audio_200.wav,./data/transcript/aligned_audio_200.txt
./data/audio/aligned_audio_205.wav,./data/transcript/aligned_audio_205.txt
./data/audio/aligned_audio_207.wav,./data/transcript/aligned_audio_207.txt
./data/audio/aligned_audio_208.wav,./data/transcript/aligned_audio_208.txt
./data/audio/aligned_audio_212.wav,./data/transcript/aligned_audio_212.txt
./data/audio/aligned_audio_213.wav,./data/transcript/aligned_audio_213.txt
./data/audio/aligned_audio_214.wav,./data/transcript/aligned_audio_214.txt
./data/audio/aligned_audio_215.wav,./data/transcript/aligned_audio_215.txt
./data/audio/aligned_audio_216.wav,./data/transcript/aligned_audio_216.txt
./data/audio/aligned_audio_218.wav,./data/transcript/aligned_audio_218.txt
./data/audio/aligned_audio_219.wav,./data/transcript/aligned_audio_219.txt
./data/audio/aligned_audio_220.wav,./data/transcript/aligned_audio_220.txt
./data/audio/aligned_audio_221.wav,./data/transcript/aligned_audio_221.txt
./data/audio/aligned_audio_222.wav,./data/transcript/aligned_audio_222.txt
./data/audio/aligned_audio_223.wav,./data/transcript/aligned_audio_223.txt
./data/audio/aligned_audio_224.wav,./data/transcript/aligned_audio_224.txt
./data/audio/aligned_audio_225.wav,./data/transcript/aligned_audio_225.txt
./data/audio/aligned_audio_226.wav,./data/transcript/aligned_audio_226.txt
./data/audio/aligned_audio_227.wav,./data/transcript/aligned_audio_227.txt
./data/audio/aligned_audio_228.wav,./data/transcript/aligned_audio_228.txt
./data/audio/aligned_audio_229.wav,./data/transcript/aligned_audio_229.txt
./data/audio/aligned_audio_230.wav,./data/transcript/aligned_audio_230.txt
./data/audio/aligned_audio_231.wav,./data/transcript/aligned_audio_231.txt
./data/audio/aligned_audio_232.wav,./data/transcript/aligned_audio_232.txt
./data/audio/aligned_audio_233.wav,./data/transcript/aligned_audio_233.txt
./data/audio/aligned_audio_234.wav,./data/transcript/aligned_audio_234.txt
./data/audio/aligned_audio_235.wav,./data/transcript/aligned_audio_235.txt
./data/audio/aligned_audio_236.wav,./data/transcript/aligned_audio_236.txt
./data/audio/aligned_audio_238.wav,./data/transcript/aligned_audio_238.txt
./data/audio/aligned_audio_239.wav,./data/transcript/aligned_audio_239.txt
./data/audio/aligned_audio_241.wav,./data/transcript/aligned_audio_241.txt
./data/audio/aligned_audio_242.wav,./data/transcript/aligned_audio_242.txt
./data/audio/aligned_audio_243.wav,./data/transcript/aligned_audio_243.txt
./data/audio/aligned_audio_244.wav,./data/transcript/aligned_audio_244.txt
./data/audio/aligned_audio_245.wav,./data/transcript/aligned_audio_245.txt
./data/audio/aligned_audio_246.wav,./data/transcript/aligned_audio_246.txt
./data/audio/aligned_audio_247.wav,./data/transcript/aligned_audio_247.txt
./data/audio/aligned_audio_248.wav,./data/transcript/aligned_audio_248.txt
./data/audio/aligned_audio_249.wav,./data/transcript/aligned_audio_249.txt
./data/audio/aligned_audio_250.wav,./data/transcript/aligned_audio_250.txt
./data/audio/aligned_audio_251.wav,./data/transcript/aligned_audio_251.txt
./data/audio/aligned_audio_252.wav,./data/transcript/aligned_audio_252.txt
./data/audio/aligned_audio_253.wav,./data/transcript/aligned_audio_253.txt
./data/audio/aligned_audio_255.wav,./data/transcript/aligned_audio_255.txt
./data/audio/aligned_audio_256.wav,./data/transcript/aligned_audio_256.txt
./data/audio/aligned_audio_257.wav,./data/transcript/aligned_audio_257.txt
./data/audio/aligned_audio_258.wav,./data/transcript/aligned_audio_258.txt
./data/audio/aligned_audio_259.wav,./data/transcript/aligned_audio_259.txt
./data/audio/aligned_audio_260.wav,./data/transcript/aligned_audio_260.txt
./data/audio/aligned_audio_262.wav,./data/transcript/aligned_audio_262.txt
./data/audio/aligned_audio_263.wav,./data/transcript/aligned_audio_263.txt
./data/audio/aligned_audio_264.wav,./data/transcript/aligned_audio_264.txt
./data/audio/aligned_audio_265.wav,./data/transcript/aligned_audio_265.txt
./data/audio/aligned_audio_266.wav,./data/transcript/aligned_audio_266.txt
./data/audio/aligned_audio_267.wav,./data/transcript/aligned_audio_267.txt
./data/audio/aligned_audio_268.wav,./data/transcript/aligned_audio_268.txt
./data/audio/aligned_audio_269.wav,./data/transcript/aligned_audio_269.txt
./data/audio/aligned_audio_270.wav,./data/transcript/aligned_audio_270.txt
./data/audio/aligned_audio_271.wav,./data/transcript/aligned_audio_271.txt
./data/audio/aligned_audio_272.wav,./data/transcript/aligned_audio_272.txt
./data/audio/aligned_audio_273.wav,./data/transcript/aligned_audio_273.txt
./data/audio/aligned_audio_274.wav,./data/transcript/aligned_audio_274.txt
./data/audio/aligned_audio_276.wav,./data/transcript/aligned_audio_276.txt
./data/audio/aligned_audio_277.wav,./data/transcript/aligned_audio_277.txt
./data/audio/aligned_audio_278.wav,./data/transcript/aligned_audio_278.txt
./data/audio/aligned_audio_279.wav,./data/transcript/aligned_audio_279.txt
./data/audio/aligned_audio_280.wav,./data/transcript/aligned_audio_280.txt
./data/audio/aligned_audio_281.wav,./data/transcript/aligned_audio_281.txt
./data/audio/aligned_audio_282.wav,./data/transcript/aligned_audio_282.txt
./data/audio/aligned_audio_283.wav,./data/transcript/aligned_audio_283.txt
./data/audio/aligned_audio_284.wav,./data/transcript/aligned_audio_284.txt
./data/audio/aligned_audio_285.wav,./data/transcript/aligned_audio_285.txt
./data/audio/aligned_audio_286.wav,./data/transcript/aligned_audio_286.txt
./data/audio/aligned_audio_287.wav,./data/transcript/aligned_audio_287.txt
./data/audio/aligned_audio_288.wav,./data/transcript/aligned_audio_288.txt
./data/audio/aligned_audio_289.wav,./data/transcript/aligned_audio_289.txt
./data/audio/aligned_audio_290.wav,./data/transcript/aligned_audio_290.txt
./data/audio/aligned_audio_291.wav,./data/transcript/aligned_audio_291.txt
./data/audio/aligned_audio_292.wav,./data/transcript/aligned_audio_292.txt
./data/audio/aligned_audio_293.wav,./data/transcript/aligned_audio_293.txt
./data/audio/aligned_audio_294.wav,./data/transcript/aligned_audio_294.txt
./data/audio/aligned_audio_295.wav,./data/transcript/aligned_audio_295.txt
./data/audio/aligned_audio_296.wav,./data/transcript/aligned_audio_296.txt
./data/audio/aligned_audio_297.wav,./data/transcript/aligned_audio_297.txt
./data/audio/aligned_audio_298.wav,./data/transcript/aligned_audio_298.txt
./data/audio/aligned_audio_299.wav,./data/transcript/aligned_audio_299.txt
./data/audio/aligned_audio_300.wav,./data/transcript/aligned_audio_300.txt
./data/audio/aligned_audio_301.wav,./data/transcript/aligned_audio_301.txt
./data/audio/aligned_audio_302.wav,./data/transcript/aligned_audio_302.txt
./data/audio/aligned_audio_303.wav,./data/transcript/aligned_audio_303.txt
./data/audio/aligned_audio_304.wav,./data/transcript/aligned_audio_304.txt
./data/audio/aligned_audio_305.wav,./data/transcript/aligned_audio_305.txt
./data/audio/aligned_audio_307.wav,./data/transcript/aligned_audio_307.txt
./data/audio/aligned_audio_308.wav,./data/transcript/aligned_audio_308.txt
./data/audio/aligned_audio_309.wav,./data/transcript/aligned_audio_309.txt
./data/audio/aligned_audio_310.wav,./data/transcript/aligned_audio_310.txt
./data/audio/aligned_audio_311.wav,./data/transcript/aligned_audio_311.txt
./data/audio/aligned_audio_312.wav,./data/transcript/aligned_audio_312.txt
./data/audio/aligned_audio_313.wav,./data/transcript/aligned_audio_313.txt
./data/audio/aligned_audio_314.wav,./data/transcript/aligned_audio_314.txt
./data/audio/aligned_audio_315.wav,./data/transcript/aligned_audio_315.txt
./data/audio/aligned_audio_316.wav,./data/transcript/aligned_audio_316.txt
./data/audio/aligned_audio_317.wav,./data/transcript/aligned_audio_317.txt
./data/audio/aligned_audio_318.wav,./data/transcript/aligned_audio_318.txt
./data/audio/aligned_audio_319.wav,./data/transcript/aligned_audio_319.txt
./data/audio/aligned_audio_320.wav,./data/transcript/aligned_audio_320.txt
./data/audio/aligned_audio_321.wav,./data/transcript/aligned_audio_321.txt
./data/audio/aligned_audio_322.wav,./data/transcript/aligned_audio_322.txt
./data/audio/aligned_audio_323.wav,./data/transcript/aligned_audio_323.txt
./data/audio/aligned_audio_324.wav,./data/transcript/aligned_audio_324.txt
./data/audio/aligned_audio_325.wav,./data/transcript/aligned_audio_325.txt
./data/audio/aligned_audio_326.wav,./data/transcript/aligned_audio_326.txt
./data/audio/aligned_audio_327.wav,./data/transcript/aligned_audio_327.txt
./data/audio/aligned_audio_328.wav,./data/transcript/aligned_audio_328.txt
./data/audio/aligned_audio_329.wav,./data/transcript/aligned_audio_329.txt
./data/audio/aligned_audio_330.wav,./data/transcript/aligned_audio_330.txt
./data/audio/aligned_audio_331.wav,./data/transcript/aligned_audio_331.txt
./data/audio/aligned_audio_332.wav,./data/transcript/aligned_audio_332.txt
./data/audio/aligned_audio_333.wav,./data/transcript/aligned_audio_333.txt
./data/audio/aligned_audio_334.wav,./data/transcript/aligned_audio_334.txt
./data/audio/aligned_audio_335.wav,./data/transcript/aligned_audio_335.txt
./data/audio/aligned_audio_336.wav,./data/transcript/aligned_audio_336.txt
./data/audio/aligned_audio_337.wav,./data/transcript/aligned_audio_337.txt
./data/audio/aligned_audio_338.wav,./data/transcript/aligned_audio_338.txt
./data/audio/aligned_audio_339.wav,./data/transcript/aligned_audio_339.txt
./data/audio/aligned_audio_340.wav,./data/transcript/aligned_audio_340.txt
./data/audio/aligned_audio_341.wav,./data/transcript/aligned_audio_341.txt
./data/audio/aligned_audio_342.wav,./data/transcript/aligned_audio_342.txt
./data/audio/aligned_audio_343.wav,./data/transcript/aligned_audio_343.txt
./data/audio/aligned_audio_344.wav,./data/transcript/aligned_audio_344.txt
./data/audio/aligned_audio_345.wav,./data/transcript/aligned_audio_345.txt
./data/audio/aligned_audio_346.wav,./data/transcript/aligned_audio_346.txt
./data/audio/aligned_audio_347.wav,./data/transcript/aligned_audio_347.txt
./data/audio/aligned_audio_348.wav,./data/transcript/aligned_audio_348.txt
./data/audio/aligned_audio_349.wav,./data/transcript/aligned_audio_349.txt
./data/audio/aligned_audio_350.wav,./data/transcript/aligned_audio_350.txt
./data/audio/aligned_audio_352.wav,./data/transcript/aligned_audio_352.txt
./data/audio/aligned_audio_353.wav,./data/transcript/aligned_audio_353.txt
./data/audio/aligned_audio_354.wav,./data/transcript/aligned_audio_354.txt
./data/audio/aligned_audio_355.wav,./data/transcript/aligned_audio_355.txt
./data/audio/aligned_audio_356.wav,./data/transcript/aligned_audio_356.txt
./data/audio/aligned_audio_357.wav,./data/transcript/aligned_audio_357.txt
./data/audio/aligned_audio_359.wav,./data/transcript/aligned_audio_359.txt
./data/audio/aligned_audio_360.wav,./data/transcript/aligned_audio_360.txt
./data/audio/aligned_audio_361.wav,./data/transcript/aligned_audio_361.txt
./data/audio/aligned_audio_362.wav,./data/transcript/aligned_audio_362.txt
./data/audio/aligned_audio_364.wav,./data/transcript/aligned_audio_364.txt
./data/audio/aligned_audio_365.wav,./data/transcript/aligned_audio_365.txt
./data/audio/aligned_audio_366.wav,./data/transcript/aligned_audio_366.txt
./data/audio/aligned_audio_367.wav,./data/transcript/aligned_audio_367.txt
./data/audio/aligned_audio_368.wav,./data/transcript/aligned_audio_368.txt
./data/audio/aligned_audio_369.wav,./data/transcript/aligned_audio_369.txt
./data/audio/aligned_audio_370.wav,./data/transcript/aligned_audio_370.txt
./data/audio/aligned_audio_371.wav,./data/transcript/aligned_audio_371.txt
./data/audio/aligned_audio_372.wav,./data/transcript/aligned_audio_372.txt
./data/audio/aligned_audio_374.wav,./data/transcript/aligned_audio_374.txt
./data/audio/aligned_audio_375.wav,./data/transcript/aligned_audio_375.txt
./data/audio/aligned_audio_376.wav,./data/transcript/aligned_audio_376.txt
./data/audio/aligned_audio_379.wav,./data/transcript/aligned_audio_379.txt
./data/audio/aligned_audio_380.wav,./data/transcript/aligned_audio_380.txt
./data/audio/aligned_audio_381.wav,./data/transcript/aligned_audio_381.txt
./data/audio/aligned_audio_382.wav,./data/transcript/aligned_audio_382.txt
./data/audio/aligned_audio_383.wav,./data/transcript/aligned_audio_383.txt
./data/audio/aligned_audio_384.wav,./data/transcript/aligned_audio_384.txt
./data/audio/aligned_audio_385.wav,./data/transcript/aligned_audio_385.txt
./data/audio/aligned_audio_386.wav,./data/transcript/aligned_audio_386.txt
./data/audio/aligned_audio_387.wav,./data/transcript/aligned_audio_387.txt
./data/audio/aligned_audio_388.wav,./data/transcript/aligned_audio_388.txt
./data/audio/aligned_audio_389.wav,./data/transcript/aligned_audio_389.txt
./data/audio/aligned_audio_390.wav,./data/transcript/aligned_audio_390.txt
./data/audio/aligned_audio_391.wav,./data/transcript/aligned_audio_391.txt
./data/audio/aligned_audio_392.wav,./data/transcript/aligned_audio_392.txt
./data/audio/aligned_audio_393.wav,./data/transcript/aligned_audio_393.txt
./data/audio/aligned_audio_394.wav,./data/transcript/aligned_audio_394.txt
./data/audio/aligned_audio_395.wav,./data/transcript/aligned_audio_395.txt
./data/audio/aligned_audio_396.wav,./data/transcript/aligned_audio_396.txt
./data/audio/aligned_audio_397.wav,./data/transcript/aligned_audio_397.txt
./data/audio/aligned_audio_398.wav,./data/transcript/aligned_audio_398.txt
./data/audio/aligned_audio_399.wav,./data/transcript/aligned_audio_399.txt
./data/audio/aligned_audio_401.wav,./data/transcript/aligned_audio_401.txt
./data/audio/aligned_audio_402.wav,./data/transcript/aligned_audio_402.txt
./data/audio/aligned_audio_403.wav,./data/transcript/aligned_audio_403.txt
./data/audio/aligned_audio_404.wav,./data/transcript/aligned_audio_404.txt
./data/audio/aligned_audio_405.wav,./data/transcript/aligned_audio_405.txt
./data/audio/aligned_audio_406.wav,./data/transcript/aligned_audio_406.txt
./data/audio/aligned_audio_407.wav,./data/transcript/aligned_audio_407.txt
./data/audio/aligned_audio_409.wav,./data/transcript/aligned_audio_409.txt
./data/audio/aligned_audio_410.wav,./data/transcript/aligned_audio_410.txt
./data/audio/aligned_audio_411.wav,./data/transcript/aligned_audio_411.txt
./data/audio/aligned_audio_412.wav,./data/transcript/aligned_audio_412.txt
./data/audio/aligned_audio_413.wav,./data/transcript/aligned_audio_413.txt
./data/audio/aligned_audio_415.wav,./data/transcript/aligned_audio_415.txt
./data/audio/aligned_audio_416.wav,./data/transcript/aligned_audio_416.txt
./data/audio/aligned_audio_417.wav,./data/transcript/aligned_audio_417.txt
./data/audio/aligned_audio_418.wav,./data/transcript/aligned_audio_418.txt
./data/audio/aligned_audio_419.wav,./data/transcript/aligned_audio_419.txt
./data/audio/aligned_audio_420.wav,./data/transcript/aligned_audio_420.txt
./data/audio/aligned_audio_421.wav,./data/transcript/aligned_audio_421.txt
./data/audio/aligned_audio_423.wav,./data/transcript/aligned_audio_423.txt
./data/audio/aligned_audio_424.wav,./data/transcript/aligned_audio_424.txt
./data/audio/aligned_audio_426.wav,./data/transcript/aligned_audio_426.txt
./data/audio/aligned_audio_427.wav,./data/transcript/aligned_audio_427.txt
./data/audio/aligned_audio_428.wav,./data/transcript/aligned_audio_428.txt
./data/audio/aligned_audio_429.wav,./data/transcript/aligned_audio_429.txt
./data/audio/aligned_audio_431.wav,./data/transcript/aligned_audio_431.txt
./data/audio/aligned_audio_432.wav,./data/transcript/aligned_audio_432.txt
./data/audio/aligned_audio_433.wav,./data/transcript/aligned_audio_433.txt
./data/audio/aligned_audio_434.wav,./data/transcript/aligned_audio_434.txt
./data/audio/aligned_audio_435.wav,./data/transcript/aligned_audio_435.txt
./data/audio/aligned_audio_436.wav,./data/transcript/aligned_audio_436.txt
./data/audio/aligned_audio_437.wav,./data/transcript/aligned_audio_437.txt
./data/audio/aligned_audio_438.wav,./data/transcript/aligned_audio_438.txt
./data/audio/aligned_audio_439.wav,./data/transcript/aligned_audio_439.txt
./data/audio/aligned_audio_440.wav,./data/transcript/aligned_audio_440.txt
./data/audio/aligned_audio_441.wav,./data/transcript/aligned_audio_441.txt
./data/audio/aligned_audio_442.wav,./data/transcript/aligned_audio_442.txt
./data/audio/aligned_audio_443.wav,./data/transcript/aligned_audio_443.txt
./data/audio/aligned_audio_444.wav,./data/transcript/aligned_audio_444.txt
./data/audio/aligned_audio_445.wav,./data/transcript/aligned_audio_445.txt
./data/audio/aligned_audio_446.wav,./data/transcript/aligned_audio_446.txt
./data/audio/aligned_audio_447.wav,./data/transcript/aligned_audio_447.txt
./data/audio/aligned_audio_448.wav,./data/transcript/aligned_audio_448.txt
./data/audio/aligned_audio_449.wav,./data/transcript/aligned_audio_449.txt
./data/audio/aligned_audio_450.wav,./data/transcript/aligned_audio_450.txt
./data/audio/aligned_audio_451.wav,./data/transcript/aligned_audio_451.txt
./data/audio/aligned_audio_452.wav,./data/transcript/aligned_audio_452.txt
./data/audio/aligned_audio_453.wav,./data/transcript/aligned_audio_453.txt
./data/audio/aligned_audio_454.wav,./data/transcript/aligned_audio_454.txt
./data/audio/aligned_audio_455.wav,./data/transcript/aligned_audio_455.txt
./data/audio/aligned_audio_456.wav,./data/transcript/aligned_audio_456.txt
./data/audio/aligned_audio_457.wav,./data/transcript/aligned_audio_457.txt
./data/audio/aligned_audio_458.wav,./data/transcript/aligned_audio_458.txt
./data/audio/aligned_audio_459.wav,./data/transcript/aligned_audio_459.txt
./data/audio/aligned_audio_460.wav,./data/transcript/aligned_audio_460.txt
./data/audio/aligned_audio_461.wav,./data/transcript/aligned_audio_461.txt
./data/audio/aligned_audio_462.wav,./data/transcript/aligned_audio_462.txt
./data/audio/aligned_audio_463.wav,./data/transcript/aligned_audio_463.txt
./data/audio/aligned_audio_464.wav,./data/transcript/aligned_audio_464.txt
./data/audio/aligned_audio_465.wav,./data/transcript/aligned_audio_465.txt
./data/audio/aligned_audio_466.wav,./data/transcript/aligned_audio_466.txt
./data/audio/aligned_audio_467.wav,./data/transcript/aligned_audio_467.txt
./data/audio/aligned_audio_472.wav,./data/transcript/aligned_audio_472.txt
./data/audio/aligned_audio_473.wav,./data/transcript/aligned_audio_473.txt
./data/audio/aligned_audio_474.wav,./data/transcript/aligned_audio_474.txt
./data/audio/aligned_audio_475.wav,./data/transcript/aligned_audio_475.txt
./data/audio/aligned_audio_476.wav,./data/transcript/aligned_audio_476.txt
./data/audio/aligned_audio_477.wav,./data/transcript/aligned_audio_477.txt
./data/audio/aligned_audio_478.wav,./data/transcript/aligned_audio_478.txt
./data/audio/aligned_audio_479.wav,./data/transcript/aligned_audio_479.txt
./data/audio/aligned_audio_480.wav,./data/transcript/aligned_audio_480.txt
./data/audio/aligned_audio_481.wav,./data/transcript/aligned_audio_481.txt
./data/audio/aligned_audio_482.wav,./data/transcript/aligned_audio_482.txt
./data/audio/aligned_audio_483.wav,./data/transcript/aligned_audio_483.txt
./data/audio/aligned_audio_484.wav,./data/transcript/aligned_audio_484.txt
./data/audio/aligned_audio_485.wav,./data/transcript/aligned_audio_485.txt
./data/audio/aligned_audio_486.wav,./data/transcript/aligned_audio_486.txt
./data/audio/aligned_audio_487.wav,./data/transcript/aligned_audio_487.txt
./data/audio/aligned_audio_488.wav,./data/transcript/aligned_audio_488.txt
./data/audio/aligned_audio_489.wav,./data/transcript/aligned_audio_489.txt
./data/audio/aligned_audio_490.wav,./data/transcript/aligned_audio_490.txt
./data/audio/aligned_audio_492.wav,./data/transcript/aligned_audio_492.txt
./data/audio/aligned_audio_493.wav,./data/transcript/aligned_audio_493.txt
./data/audio/aligned_audio_494.wav,./data/transcript/aligned_audio_494.txt
./data/audio/aligned_audio_495.wav,./data/transcript/aligned_audio_495.txt
./data/audio/aligned_audio_496.wav,./data/transcript/aligned_audio_496.txt
./data/audio/aligned_audio_497.wav,./data/transcript/aligned_audio_497.txt
./data/audio/aligned_audio_498.wav,./data/transcript/aligned_audio_498.txt
./data/audio/aligned_audio_499.wav,./data/transcript/aligned_audio_499.txt
./data/audio/aligned_audio_500.wav,./data/transcript/aligned_audio_500.txt
./data/audio/aligned_audio_501.wav,./data/transcript/aligned_audio_501.txt
./data/audio/aligned_audio_502.wav,./data/transcript/aligned_audio_502.txt
./data/audio/aligned_audio_503.wav,./data/transcript/aligned_audio_503.txt
./data/audio/aligned_audio_504.wav,./data/transcript/aligned_audio_504.txt
./data/audio/aligned_audio_505.wav,./data/transcript/aligned_audio_505.txt
./data/audio/aligned_audio_506.wav,./data/transcript/aligned_audio_506.txt
./data/audio/aligned_audio_507.wav,./data/transcript/aligned_audio_507.txt
./data/audio/aligned_audio_508.wav,./data/transcript/aligned_audio_508.txt
./data/audio/aligned_audio_509.wav,./data/transcript/aligned_audio_509.txt
./data/audio/aligned_audio_510.wav,./data/transcript/aligned_audio_510.txt
./data/audio/aligned_audio_511.wav,./data/transcript/aligned_audio_511.txt
./data/audio/aligned_audio_512.wav,./data/transcript/aligned_audio_512.txt
./data/audio/aligned_audio_513.wav,./data/transcript/aligned_audio_513.txt
./data/audio/aligned_audio_514.wav,./data/transcript/aligned_audio_514.txt
./data/audio/aligned_audio_515.wav,./data/transcript/aligned_audio_515.txt
./data/audio/aligned_audio_516.wav,./data/transcript/aligned_audio_516.txt
./data/audio/aligned_audio_517.wav,./data/transcript/aligned_audio_517.txt
./data/audio/aligned_audio_518.wav,./data/transcript/aligned_audio_518.txt
./data/audio/aligned_audio_519.wav,./data/transcript/aligned_audio_519.txt
./data/audio/aligned_audio_520.wav,./data/transcript/aligned_audio_520.txt
./data/audio/aligned_audio_521.wav,./data/transcript/aligned_audio_521.txt
./data/audio/aligned_audio_522.wav,./data/transcript/aligned_audio_522.txt
./data/audio/aligned_audio_523.wav,./data/transcript/aligned_audio_523.txt
./data/audio/aligned_audio_524.wav,./data/transcript/aligned_audio_524.txt
./data/audio/aligned_audio_525.wav,./data/transcript/aligned_audio_525.txt
./data/audio/aligned_audio_526.wav,./data/transcript/aligned_audio_526.txt
./data/audio/aligned_audio_527.wav,./data/transcript/aligned_audio_527.txt
./data/audio/aligned_audio_528.wav,./data/transcript/aligned_audio_528.txt
./data/audio/aligned_audio_529.wav,./data/transcript/aligned_audio_529.txt
./data/audio/aligned_audio_530.wav,./data/transcript/aligned_audio_530.txt
./data/audio/aligned_audio_531.wav,./data/transcript/aligned_audio_531.txt
./data/audio/aligned_audio_532.wav,./data/transcript/aligned_audio_532.txt
./data/audio/aligned_audio_533.wav,./data/transcript/aligned_audio_533.txt
./data/audio/aligned_audio_534.wav,./data/transcript/aligned_audio_534.txt
./data/audio/aligned_audio_535.wav,./data/transcript/aligned_audio_535.txt
./data/audio/aligned_audio_536.wav,./data/transcript/aligned_audio_536.txt
./data/audio/aligned_audio_537.wav,./data/transcript/aligned_audio_537.txt
./data/audio/aligned_audio_538.wav,./data/transcript/aligned_audio_538.txt
./data/audio/aligned_audio_539.wav,./data/transcript/aligned_audio_539.txt
./data/audio/aligned_audio_540.wav,./data/transcript/aligned_audio_540.txt
./data/audio/aligned_audio_541.wav,./data/transcript/aligned_audio_541.txt
./data/audio/aligned_audio_542.wav,./data/transcript/aligned_audio_542.txt
./data/audio/aligned_audio_543.wav,./data/transcript/aligned_audio_543.txt
./data/audio/aligned_audio_544.wav,./data/transcript/aligned_audio_544.txt
./data/audio/aligned_audio_545.wav,./data/transcript/aligned_audio_545.txt
./data/audio/aligned_audio_546.wav,./data/transcript/aligned_audio_546.txt
./data/audio/aligned_audio_547.wav,./data/transcript/aligned_audio_547.txt
./data/audio/aligned_audio_548.wav,./data/transcript/aligned_audio_548.txt
./data/audio/aligned_audio_549.wav,./data/transcript/aligned_audio_549.txt
./data/audio/aligned_audio_550.wav,./data/transcript/aligned_audio_550.txt
./data/audio/aligned_audio_551.wav,./data/transcript/aligned_audio_551.txt
./data/audio/aligned_audio_552.wav,./data/transcript/aligned_audio_552.txt
./data/audio/aligned_audio_553.wav,./data/transcript/aligned_audio_553.txt
./data/audio/aligned_audio_554.wav,./data/transcript/aligned_audio_554.txt
./data/audio/aligned_audio_555.wav,./data/transcript/aligned_audio_555.txt
./data/audio/aligned_audio_556.wav,./data/transcript/aligned_audio_556.txt
./data/audio/aligned_audio_557.wav,./data/transcript/aligned_audio_557.txt
./data/audio/aligned_audio_558.wav,./data/transcript/aligned_audio_558.txt
./data/audio/aligned_audio_559.wav,./data/transcript/aligned_audio_559.txt
./data/audio/aligned_audio_560.wav,./data/transcript/aligned_audio_560.txt
./data/audio/aligned_audio_561.wav,./data/transcript/aligned_audio_561.txt
./data/audio/aligned_audio_562.wav,./data/transcript/aligned_audio_562.txt
./data/audio/aligned_audio_563.wav,./data/transcript/aligned_audio_563.txt
./data/audio/aligned_audio_564.wav,./data/transcript/aligned_audio_564.txt
./data/audio/aligned_audio_565.wav,./data/transcript/aligned_audio_565.txt
./data/audio/aligned_audio_566.wav,./data/transcript/aligned_audio_566.txt
./data/audio/aligned_audio_567.wav,./data/transcript/aligned_audio_567.txt
./data/audio/aligned_audio_568.wav,./data/transcript/aligned_audio_568.txt
./data/audio/aligned_audio_569.wav,./data/transcript/aligned_audio_569.txt
./data/audio/aligned_audio_570.wav,./data/transcript/aligned_audio_570.txt
./data/audio/aligned_audio_571.wav,./data/transcript/aligned_audio_571.txt
./data/audio/aligned_audio_572.wav,./data/transcript/aligned_audio_572.txt
./data/audio/aligned_audio_573.wav,./data/transcript/aligned_audio_573.txt
./data/audio/aligned_audio_575.wav,./data/transcript/aligned_audio_575.txt
./data/audio/aligned_audio_577.wav,./data/transcript/aligned_audio_577.txt
./data/audio/aligned_audio_578.wav,./data/transcript/aligned_audio_578.txt
./data/audio/aligned_audio_579.wav,./data/transcript/aligned_audio_579.txt
./data/audio/aligned_audio_580.wav,./data/transcript/aligned_audio_580.txt
./data/audio/aligned_audio_581.wav,./data/transcript/aligned_audio_581.txt
./data/audio/aligned_audio_582.wav,./data/transcript/aligned_audio_582.txt
./data/audio/aligned_audio_583.wav,./data/transcript/aligned_audio_583.txt
./data/audio/aligned_audio_584.wav,./data/transcript/aligned_audio_584.txt
./data/audio/aligned_audio_585.wav,./data/transcript/aligned_audio_585.txt
./data/audio/aligned_audio_586.wav,./data/transcript/aligned_audio_586.txt
./data/audio/aligned_audio_587.wav,./data/transcript/aligned_audio_587.txt
./data/audio/aligned_audio_588.wav,./data/transcript/aligned_audio_588.txt
./data/audio/aligned_audio_589.wav,./data/transcript/aligned_audio_589.txt
./data/audio/aligned_audio_590.wav,./data/transcript/aligned_audio_590.txt
./data/audio/aligned_audio_591.wav,./data/transcript/aligned_audio_591.txt
./data/audio/aligned_audio_592.wav,./data/transcript/aligned_audio_592.txt
./data/audio/aligned_audio_593.wav,./data/transcript/aligned_audio_593.txt
./data/audio/aligned_audio_594.wav,./data/transcript/aligned_audio_594.txt
./data/audio/aligned_audio_595.wav,./data/transcript/aligned_audio_595.txt
./data/audio/aligned_audio_596.wav,./data/transcript/aligned_audio_596.txt
./data/audio/aligned_audio_597.wav,./data/transcript/aligned_audio_597.txt
./data/audio/aligned_audio_598.wav,./data/transcript/aligned_audio_598.txt
./data/audio/aligned_audio_599.wav,./data/transcript/aligned_audio_599.txt
./data/audio/aligned_audio_600.wav,./data/transcript/aligned_audio_600.txt
./data/audio/aligned_audio_602.wav,./data/transcript/aligned_audio_602.txt
./data/audio/aligned_audio_603.wav,./data/transcript/aligned_audio_603.txt
./data/audio/aligned_audio_604.wav,./data/transcript/aligned_audio_604.txt
./data/audio/aligned_audio_605.wav,./data/transcript/aligned_audio_605.txt
./data/audio/aligned_audio_606.wav,./data/transcript/aligned_audio_606.txt
./data/audio/aligned_audio_608.wav,./data/transcript/aligned_audio_608.txt
./data/audio/aligned_audio_609.wav,./data/transcript/aligned_audio_609.txt
./data/audio/aligned_audio_610.wav,./data/transcript/aligned_audio_610.txt
./data/audio/aligned_audio_611.wav,./data/transcript/aligned_audio_611.txt
./data/audio/aligned_audio_612.wav,./data/transcript/aligned_audio_612.txt
./data/audio/aligned_audio_613.wav,./data/transcript/aligned_audio_613.txt
./data/audio/aligned_audio_614.wav,./data/transcript/aligned_audio_614.txt
./data/audio/aligned_audio_615.wav,./data/transcript/aligned_audio_615.txt
./data/audio/aligned_audio_616.wav,./data/transcript/aligned_audio_616.txt
./data/audio/aligned_audio_617.wav,./data/transcript/aligned_audio_617.txt
./data/audio/aligned_audio_618.wav,./data/transcript/aligned_audio_618.txt
./data/audio/aligned_audio_619.wav,./data/transcript/aligned_audio_619.txt
./data/audio/aligned_audio_620.wav,./data/transcript/aligned_audio_620.txt
./data/audio/aligned_audio_621.wav,./data/transcript/aligned_audio_621.txt
./data/audio/aligned_audio_622.wav,./data/transcript/aligned_audio_622.txt
./data/audio/aligned_audio_623.wav,./data/transcript/aligned_audio_623.txt
./data/audio/aligned_audio_624.wav,./data/transcript/aligned_audio_624.txt
./data/audio/aligned_audio_625.wav,./data/transcript/aligned_audio_625.txt
./data/audio/aligned_audio_626.wav,./data/transcript/aligned_audio_626.txt
./data/audio/aligned_audio_627.wav,./data/transcript/aligned_audio_627.txt
./data/audio/aligned_audio_628.wav,./data/transcript/aligned_audio_628.txt
./data/audio/aligned_audio_629.wav,./data/transcript/aligned_audio_629.txt
./data/audio/aligned_audio_630.wav,./data/transcript/aligned_audio_630.txt
./data/audio/aligned_audio_631.wav,./data/transcript/aligned_audio_631.txt
./data/audio/aligned_audio_632.wav,./data/transcript/aligned_audio_632.txt
./data/audio/aligned_audio_633.wav,./data/transcript/aligned_audio_633.txt
./data/audio/aligned_audio_634.wav,./data/transcript/aligned_audio_634.txt
./data/audio/aligned_audio_635.wav,./data/transcript/aligned_audio_635.txt
./data/audio/aligned_audio_636.wav,./data/transcript/aligned_audio_636.txt
./data/audio/aligned_audio_637.wav,./data/transcript/aligned_audio_637.txt
./data/audio/aligned_audio_638.wav,./data/transcript/aligned_audio_638.txt
./data/audio/aligned_audio_639.wav,./data/transcript/aligned_audio_639.txt
./data/audio/aligned_audio_640.wav,./data/transcript/aligned_audio_640.txt
./data/audio/aligned_audio_641.wav,./data/transcript/aligned_audio_641.txt
./data/audio/aligned_audio_642.wav,./data/transcript/aligned_audio_642.txt
./data/audio/aligned_audio_643.wav,./data/transcript/aligned_audio_643.txt
./data/audio/aligned_audio_644.wav,./data/transcript/aligned_audio_644.txt
./data/audio/aligned_audio_645.wav,./data/transcript/aligned_audio_645.txt
./data/audio/aligned_audio_646.wav,./data/transcript/aligned_audio_646.txt
./data/audio/aligned_audio_647.wav,./data/transcript/aligned_audio_647.txt
./data/audio/aligned_audio_648.wav,./data/transcript/aligned_audio_648.txt
./data/audio/aligned_audio_649.wav,./data/transcript/aligned_audio_649.txt
./data/audio/aligned_audio_650.wav,./data/transcript/aligned_audio_650.txt
./data/audio/aligned_audio_651.wav,./data/transcript/aligned_audio_651.txt
./data/audio/aligned_audio_652.wav,./data/transcript/aligned_audio_652.txt
./data/audio/aligned_audio_653.wav,./data/transcript/aligned_audio_653.txt
./data/audio/aligned_audio_654.wav,./data/transcript/aligned_audio_654.txt
./data/audio/aligned_audio_655.wav,./data/transcript/aligned_audio_655.txt
./data/audio/aligned_audio_656.wav,./data/transcript/aligned_audio_656.txt
./data/audio/aligned_audio_657.wav,./data/transcript/aligned_audio_657.txt
./data/audio/aligned_audio_658.wav,./data/transcript/aligned_audio_658.txt
./data/audio/aligned_audio_659.wav,./data/transcript/aligned_audio_659.txt
./data/audio/aligned_audio_660.wav,./data/transcript/aligned_audio_660.txt
./data/audio/aligned_audio_661.wav,./data/transcript/aligned_audio_661.txt
./data/audio/aligned_audio_662.wav,./data/transcript/aligned_audio_662.txt
./data/audio/aligned_audio_663.wav,./data/transcript/aligned_audio_663.txt
./data/audio/aligned_audio_664.wav,./data/transcript/aligned_audio_664.txt
./data/audio/aligned_audio_665.wav,./data/transcript/aligned_audio_665.txt
./data/audio/aligned_audio_666.wav,./data/transcript/aligned_audio_666.txt
./data/audio/aligned_audio_667.wav,./data/transcript/aligned_audio_667.txt
./data/audio/aligned_audio_668.wav,./data/transcript/aligned_audio_668.txt
./data/audio/aligned_audio_669.wav,./data/transcript/aligned_audio_669.txt
./data/audio/aligned_audio_670.wav,./data/transcript/aligned_audio_670.txt
./data/audio/aligned_audio_671.wav,./data/transcript/aligned_audio_671.txt
./data/audio/aligned_audio_672.wav,./data/transcript/aligned_audio_672.txt
./data/audio/aligned_audio_674.wav,./data/transcript/aligned_audio_674.txt
./data/audio/aligned_audio_675.wav,./data/transcript/aligned_audio_675.txt
./data/audio/aligned_audio_676.wav,./data/transcript/aligned_audio_676.txt
./data/audio/aligned_audio_677.wav,./data/transcript/aligned_audio_677.txt
./data/audio/aligned_audio_678.wav,./data/transcript/aligned_audio_678.txt
./data/audio/aligned_audio_679.wav,./data/transcript/aligned_audio_679.txt
./data/audio/aligned_audio_680.wav,./data/transcript/aligned_audio_680.txt
./data/audio/aligned_audio_681.wav,./data/transcript/aligned_audio_681.txt
./data/audio/aligned_audio_682.wav,./data/transcript/aligned_audio_682.txt
./data/audio/aligned_audio_683.wav,./data/transcript/aligned_audio_683.txt
./data/audio/aligned_audio_684.wav,./data/transcript/aligned_audio_684.txt
./data/audio/aligned_audio_685.wav,./data/transcript/aligned_audio_685.txt
./data/audio/aligned_audio_686.wav,./data/transcript/aligned_audio_686.txt
./data/audio/aligned_audio_687.wav,./data/transcript/aligned_audio_687.txt
./data/audio/aligned_audio_688.wav,./data/transcript/aligned_audio_688.txt
./data/audio/aligned_audio_689.wav,./data/transcript/aligned_audio_689.txt
./data/audio/aligned_audio_690.wav,./data/transcript/aligned_audio_690.txt
./data/audio/aligned_audio_691.wav,./data/transcript/aligned_audio_691.txt
./data/audio/aligned_audio_692.wav,./data/transcript/aligned_audio_692.txt
./data/audio/aligned_audio_693.wav,./data/transcript/aligned_audio_693.txt
./data/audio/aligned_audio_694.wav,./data/transcript/aligned_audio_694.txt
./data/audio/aligned_audio_695.wav,./data/transcript/aligned_audio_695.txt
./data/audio/aligned_audio_696.wav,./data/transcript/aligned_audio_696.txt
./data/audio/aligned_audio_697.wav,./data/transcript/aligned_audio_697.txt
./data/audio/aligned_audio_698.wav,./data/transcript/aligned_audio_698.txt
./data/audio/aligned_audio_700.wav,./data/transcript/aligned_audio_700.txt
./data/audio/aligned_audio_701.wav,./data/transcript/aligned_audio_701.txt
./data/audio/aligned_audio_702.wav,./data/transcript/aligned_audio_702.txt
./data/audio/aligned_audio_703.wav,./data/transcript/aligned_audio_703.txt
./data/audio/aligned_audio_704.wav,./data/transcript/aligned_audio_704.txt
./data/audio/aligned_audio_705.wav,./data/transcript/aligned_audio_705.txt
./data/audio/aligned_audio_706.wav,./data/transcript/aligned_audio_706.txt
./data/audio/aligned_audio_707.wav,./data/transcript/aligned_audio_707.txt
./data/audio/aligned_audio_708.wav,./data/transcript/aligned_audio_708.txt
./data/audio/aligned_audio_709.wav,./data/transcript/aligned_audio_709.txt
./data/audio/aligned_audio_710.wav,./data/transcript/aligned_audio_710.txt
./data/audio/aligned_audio_712.wav,./data/transcript/aligned_audio_712.txt
./data/audio/aligned_audio_713.wav,./data/transcript/aligned_audio_713.txt
./data/audio/aligned_audio_714.wav,./data/transcript/aligned_audio_714.txt
./data/audio/aligned_audio_715.wav,./data/transcript/aligned_audio_715.txt
./data/audio/aligned_audio_716.wav,./data/transcript/aligned_audio_716.txt
./data/audio/aligned_audio_717.wav,./data/transcript/aligned_audio_717.txt
./data/audio/aligned_audio_718.wav,./data/transcript/aligned_audio_718.txt
./data/audio/aligned_audio_719.wav,./data/transcript/aligned_audio_719.txt
./data/audio/aligned_audio_720.wav,./data/transcript/aligned_audio_720.txt
./data/audio/aligned_audio_721.wav,./data/transcript/aligned_audio_721.txt
./data/audio/aligned_audio_722.wav,./data/transcript/aligned_audio_722.txt
./data/audio/aligned_audio_723.wav,./data/transcript/aligned_audio_723.txt
./data/audio/aligned_audio_724.wav,./data/transcript/aligned_audio_724.txt
./data/audio/aligned_audio_725.wav,./data/transcript/aligned_audio_725.txt
./data/audio/aligned_audio_726.wav,./data/transcript/aligned_audio_726.txt
./data/audio/aligned_audio_727.wav,./data/transcript/aligned_audio_727.txt
./data/audio/aligned_audio_728.wav,./data/transcript/aligned_audio_728.txt
./data/audio/aligned_audio_729.wav,./data/transcript/aligned_audio_729.txt
./data/audio/aligned_audio_730.wav,./data/transcript/aligned_audio_730.txt
./data/audio/aligned_audio_731.wav,./data/transcript/aligned_audio_731.txt
./data/audio/aligned_audio_732.wav,./data/transcript/aligned_audio_732.txt
./data/audio/aligned_audio_733.wav,./data/transcript/aligned_audio_733.txt
./data/audio/aligned_audio_734.wav,./data/transcript/aligned_audio_734.txt
./data/audio/aligned_audio_735.wav,./data/transcript/aligned_audio_735.txt
./data/audio/aligned_audio_736.wav,./data/transcript/aligned_audio_736.txt
./data/audio/aligned_audio_738.wav,./data/transcript/aligned_audio_738.txt
./data/audio/aligned_audio_739.wav,./data/transcript/aligned_audio_739.txt
./data/audio/aligned_audio_740.wav,./data/transcript/aligned_audio_740.txt
./data/audio/aligned_audio_741.wav,./data/transcript/aligned_audio_741.txt
./data/audio/aligned_audio_742.wav,./data/transcript/aligned_audio_742.txt
./data/audio/aligned_audio_743.wav,./data/transcript/aligned_audio_743.txt
./data/audio/aligned_audio_744.wav,./data/transcript/aligned_audio_744.txt
./data/audio/aligned_audio_745.wav,./data/transcript/aligned_audio_745.txt
./data/audio/aligned_audio_746.wav,./data/transcript/aligned_audio_746.txt
./data/audio/aligned_audio_747.wav,./data/transcript/aligned_audio_747.txt
./data/audio/aligned_audio_748.wav,./data/transcript/aligned_audio_748.txt
./data/audio/aligned_audio_749.wav,./data/transcript/aligned_audio_749.txt
./data/audio/aligned_audio_750.wav,./data/transcript/aligned_audio_750.txt
./data/audio/aligned_audio_751.wav,./data/transcript/aligned_audio_751.txt
./data/audio/aligned_audio_752.wav,./data/transcript/aligned_audio_752.txt
./data/audio/aligned_audio_753.wav,./data/transcript/aligned_audio_753.txt
./data/audio/aligned_audio_754.wav,./data/transcript/aligned_audio_754.txt
./data/audio/aligned_audio_755.wav,./data/transcript/aligned_audio_755.txt
./data/audio/aligned_audio_756.wav,./data/transcript/aligned_audio_756.txt
./data/audio/aligned_audio_757.wav,./data/transcript/aligned_audio_757.txt
./data/audio/aligned_audio_758.wav,./data/transcript/aligned_audio_758.txt
./data/audio/aligned_audio_759.wav,./data/transcript/aligned_audio_759.txt
./data/audio/aligned_audio_760.wav,./data/transcript/aligned_audio_760.txt
./data/audio/aligned_audio_761.wav,./data/transcript/aligned_audio_761.txt
./data/audio/aligned_audio_762.wav,./data/transcript/aligned_audio_762.txt
./data/audio/aligned_audio_763.wav,./data/transcript/aligned_audio_763.txt
./data/audio/aligned_audio_764.wav,./data/transcript/aligned_audio_764.txt
./data/audio/aligned_audio_765.wav,./data/transcript/aligned_audio_765.txt
./data/audio/aligned_audio_766.wav,./data/transcript/aligned_audio_766.txt
./data/audio/aligned_audio_767.wav,./data/transcript/aligned_audio_767.txt
./data/audio/aligned_audio_768.wav,./data/transcript/aligned_audio_768.txt
./data/audio/aligned_audio_769.wav,./data/transcript/aligned_audio_769.txt
./data/audio/aligned_audio_770.wav,./data/transcript/aligned_audio_770.txt
./data/audio/aligned_audio_771.wav,./data/transcript/aligned_audio_771.txt
./data/audio/aligned_audio_772.wav,./data/transcript/aligned_audio_772.txt
./data/audio/aligned_audio_773.wav,./data/transcript/aligned_audio_773.txt
./data/audio/aligned_audio_774.wav,./data/transcript/aligned_audio_774.txt
./data/audio/aligned_audio_775.wav,./data/transcript/aligned_audio_775.txt
./data/audio/aligned_audio_776.wav,./data/transcript/aligned_audio_776.txt
./data/audio/aligned_audio_777.wav,./data/transcript/aligned_audio_777.txt
./data/audio/aligned_audio_778.wav,./data/transcript/aligned_audio_778.txt
./data/audio/aligned_audio_779.wav,./data/transcript/aligned_audio_779.txt
./data/audio/aligned_audio_780.wav,./data/transcript/aligned_audio_780.txt
./data/audio/aligned_audio_781.wav,./data/transcript/aligned_audio_781.txt
./data/audio/aligned_audio_782.wav,./data/transcript/aligned_audio_782.txt
./data/audio/aligned_audio_783.wav,./data/transcript/aligned_audio_783.txt
./data/audio/aligned_audio_785.wav,./data/transcript/aligned_audio_785.txt
./data/audio/aligned_audio_786.wav,./data/transcript/aligned_audio_786.txt
./data/audio/aligned_audio_787.wav,./data/transcript/aligned_audio_787.txt
./data/audio/aligned_audio_788.wav,./data/transcript/aligned_audio_788.txt
./data/audio/aligned_audio_789.wav,./data/transcript/aligned_audio_789.txt
./data/audio/aligned_audio_791.wav,./data/transcript/aligned_audio_791.txt
./data/audio/aligned_audio_792.wav,./data/transcript/aligned_audio_792.txt
./data/audio/aligned_audio_793.wav,./data/transcript/aligned_audio_793.txt
./data/audio/aligned_audio_794.wav,./data/transcript/aligned_audio_794.txt
./data/audio/aligned_audio_795.wav,./data/transcript/aligned_audio_795.txt
./data/audio/aligned_audio_796.wav,./data/transcript/aligned_audio_796.txt
./data/audio/aligned_audio_797.wav,./data/transcript/aligned_audio_797.txt
./data/audio/aligned_audio_798.wav,./data/transcript/aligned_audio_798.txt
./data/audio/aligned_audio_799.wav,./data/transcript/aligned_audio_799.txt
